2.1402887078706314	7.665480591016697	8.724848767782102	-21.009789037724207	8.54345722451693	-4.679605146317938	-5.03241830477977	-4.24811540339343	-5.422672754554552	2.958291454099279	-5.2896613262654135	0.507652032960598	-22.73435323136499	3.012556410497932	4.80844390582276	16.07164560069891	0.7030002558158539	9.348890023920141	-2.5427713827352045	-0.5870460372755785
-13.066218679048312	-26.81228748339529	-8.130663158162987	27.21241996392922	-18.541719090277113	10.041305816942463	63.31882398978811	57.31471636259892	-7.7353187720044305	-20.883203997153018	8.752382134807668	-12.241182193498203	-11.475796220891176	8.75688210771828	-6.772462898128093	0.02023865974776935	0.4169715784192722	-1.3531448186192698	-1.2217163811928962	-1.7405869072298035
-12.146868151823393	-25.107191004129113	-8.597776559516126	28.19278919983368	-16.98817310124238	8.23387117170706	62.27032861060555	57.40272670430335	-7.974895799532938	-19.668196516723192	8.91818926716399	-11.510637491216032	-13.138479824393666	8.361771798922753	-10.90523900173574	-0.014688826654742014	1.2251463205814739	-0.947465876514967	-2.3615183095965593	-4.36996972897404
15.835293752818712	33.816267164545785	23.826385618277627	-23.77153629001892	17.025844310114806	-2.3212293158453554	3.401521074386772	14.521747712489434	-2.2027735299619398	5.466139868637507	0.6689505906529318	-3.6892813424477784	-0.28471993622842945	-2.1553060620073756	-10.520609210226771	6.751516640725246	4.708053497088584	1.7527464686881402	6.0160651356651655	-2.1714183288368534
-8.130741953970569	27.66387437783312	13.204206725920624	3.419931517654958	-4.26322033890909	3.2527282692409307	3.7089413191720646	-6.140179396306072	18.46305871323947	-30.669163060630908	-6.6650858208516075	-12.585649409196932	12.464995012024422	0.18803415086093675	2.308738168018873	-8.69407894384713	1.9040192147400887	3.1304341233113977	-3.372508652960972	1.9107913382228081
1.6770141145249395	11.629797174082345	-2.9530507876558136	-2.4145328861315303	4.748947516868744	-6.749488017163497	-14.265219025951554	-6.812449436228146	9.251267776621884	-0.6015808745563958	-2.75941116163818	-13.47098795204346	-7.39221623744945	8.249136687624173	-17.989398713551665	18.111394275331943	3.5384977800266983	1.4139736028592509	-13.647581181854836	10.638516967304524
-11.693878118019525	-19.71162921686907	-13.140461219237155	20.716718265395947	97.12897746001752	26.88235987750822	-4.201291220103395	8.457605199732312	16.471831239387217	-1.9290257164829998	4.584713061579782	0.4017896982319805	-4.339256357351113	3.617382632149001	-3.1397589415078317	-1.9383407724454453	4.042465329574056	-0.50609138927649	-2.620402950864198	1.1725529934792105
5.248417826309582	-2.7185557911054614	8.24835369452551	-7.004927158029247	3.0267631953480203	-2.266569222081367	-3.8673318170082753	-9.115624061368742	-6.14973223565799	-7.279867527524612	-0.5348545607481001	0.43720192735567504	-13.070242750396025	10.469868034663593	23.519850488924774	-15.618064708798338	-14.481571797238528	-4.76604222436895	-16.824552808393978	-5.466298193602327
9.909773912583647	19.648807927136605	-1.782422837232006	1.5138794528127504	-0.5404348583604978	7.861355836798099	11.466245718355802	-5.063796160166368	-6.6838484739482436	0.6190277454294616	6.980458755318649	-5.151475143794838	-7.929858708629663	-15.143624780015273	5.474304230667239	3.3540349796630644	12.409842671727127	-1.0507692441422405	-0.02968161926583236	9.609622659796708
14.451188712741656	12.559326788024064	-2.984289073420924	2.4983044141870847	0.6101963230333919	4.677493948161862	-4.200799707094046	-11.940715630444137	13.140285377596566	-3.8036608376724717	-0.2863477492295544	-6.409822433191895	0.8442729430297639	-15.121924563973952	-8.170738695609463	6.643118958753653	15.365290705236134	-7.959931149909537	4.988104878609844	3.3807805983020054
-3.5916049333346374	-0.11497290552451056	-6.1851569402713436	1.5448429731025122	-2.92046713808363	-5.70193666605604	-0.9240364833023477	-4.677389233494247	-5.48070480022991	-7.480867811144463	-9.390631725716249	11.88456612171787	10.91683693199358	-2.2684962485011524	-25.844175561690378	-11.176252626409946	28.394093525831174	-6.66951887992315	13.698279378350469	-6.605195764979334
-4.636260087974339	-4.286807712990235	-6.246313787091854	-0.4896341195129552	-3.6826687400296376	5.109046849490027	-6.962998988463137	-11.834803200748981	2.4351425953557806	-1.0601864213583252	-10.399906615160736	-14.300615573647006	5.2914708350040245	0.5908657440905724	8.572899712719195	-7.0333715195279884	4.306928112438552	-15.146881016713449	-5.3841200673656715	4.176664500682299
5.833563206060829	11.49201021526013	4.592638345542058	3.564561652069706	-1.685588453514765	-15.833176751374939	-15.343462687253068	-9.854132730342053	3.651540860277747	-15.512203758761506	4.027674439400645	-5.011780626326039	-14.148703438255625	10.51832740488425	-21.42404146329557	6.869841513551094	-4.845120398377486	10.140749538813198	6.413565614170586	13.562443749589091
-3.272307340523634	-4.566435473199935	-10.823234493682344	0.12520890566342785	-6.854862371685776	-6.806850476925461	0.8892975652995891	-5.94927923590744	-4.066251422641794	2.4467179149425435	-3.5227185958280023	-2.0992292129052283	-5.664014573698368	-11.83393509469531	-24.90054191071296	19.495025409409596	-6.910560004973586	-3.503773131732426	17.20321083274977	-15.528648325304763
-11.253784330423334	-4.520469081984536	-10.411775693067597	-8.484633409880763	-0.9472486607937692	-5.0987092003307675	-2.2472446767861642	-5.4876064926147246	-5.909769725943265	0.3906540587447524	1.3266632021310563	19.77441614096632	-0.5394069216465306	13.241189649201306	-15.50927387116131	-0.9037303912291533	21.50360528484066	-20.434768106012307	-18.679187411694226	-2.562487009523526
7.570549214871522	13.214318159087561	-5.440498568691888	2.2339176729729573	-8.18193436335209	1.5168946962832561	12.00811487822211	-5.487326881122681	-0.48005793931104607	7.923495080450179	6.054773939651856	-7.455744742285424	11.11468764012719	-9.59319393659183	0.11166413698259402	15.770470685361593	-0.6370842729225105	-22.205730267420105	4.507603195707043	3.6697770476422673
15.53718226148324	1.5778883145006966	9.819719599772093	8.152130519052541	-1.4342221420960666	-3.2000150748853087	-6.5415043705816105	-6.349883102614855	14.889484060957814	-14.600844010717676	-16.20156434298943	-11.047989836307092	7.58170053188143	9.016171528722278	-6.959852033876771	5.305806748793457	-1.4585676847835543	-20.198450379006047	-9.966444956933199	-3.8163623236389697
-12.113530209654407	-20.511047751448015	-11.440531688595902	20.87428359772382	96.61712121635306	27.751595888787758	-4.417175303222789	9.552247167267112	16.880198576748143	-2.1997245532678447	4.3075673299283554	-0.10312627909405896	-3.924527199403092	4.803028400873734	-2.3755480725107048	-2.5509231420769516	4.268782186523654	-0.5881099033112962	-1.5825709360131226	0.2957310070665517
0.6673233511593403	9.295464265326688	2.616797119026047	-3.874288727998714	-30.645845354267426	81.2741016750608	-51.43463170672269	30.54879822753863	-1.2893709753711906	1.8037001977975284	4.878766480352147	5.465707394404713	-7.047022542599473	3.9236801103459107	-4.96783370238019	-2.190063768056812	2.1997023064464303	0.7971824749543376	-4.420541924148503	-3.9731438110329957
0.29354525761540096	9.177799965446747	2.28998312650935	-3.933367935153709	-31.117374170309546	81.40056594768812	-51.19498764425398	29.97389500827195	-1.3750711551731065	1.2613797995524656	4.548303291847617	5.930293954353886	-7.5855503082572495	4.062144081762801	-5.5449174478545284	-1.829750637131043	1.3225736061501951	1.0198176488397719	-4.337610489140143	-4.3517760984180685
-2.6614128616267854	6.894860518910455	-10.293323159796671	-0.280337583039478	-3.1739856149072425	-0.3889912160533966	1.7626669643466168	-3.8180950020860838	15.541416470333598	-17.973182146196883	-1.6368470527904933	9.281754258759376	7.781887408100536	-7.524079666732365	11.42106592089982	7.387851553053276	8.009290326572945	9.436357383188437	-17.887212322084086	-6.777029535733112
7.142122735854973	-3.2905369970643044	5.54917133541212	3.530765363089687	-2.5868314526033003	-0.6897157791536787	-8.798895723657285	2.318516935303968	-11.613235925948	-8.902819274126774	-8.136874557543637	-14.195911099623368	-1.585736373861255	0.3418322757039883	-0.6124435679575697	-12.16926614708931	-28.138026914030355	-24.50609677958252	28.022972274717805	3.076582522346277
-18.293593862542792	-11.229682232682944	-15.43359669225888	-6.860778926255253	3.1695609726367966	-2.630292049851866	-4.613174669434274	-5.398369023324495	-17.42791103307969	-7.3966719409501	30.722635314324894	24.24523357627152	-10.110184543852696	7.045596856701061	16.908320605245862	7.298147362650318	-5.845585397642501	5.055367364375598	7.277280716859862	5.488391453267267
-26.026038097218528	17.8945236773644	0.35048184443883795	-33.44388871090227	10.28520266524681	1.9709208502296207	17.217191477731127	5.22081475330343	1.5671442936100781	0.5672729296557203	-3.733745455765406	5.552601185732574	-1.0254914626401384	6.143410199539045	10.420666162134665	22.293434866004187	-14.99097589781928	9.070746418776704	-0.40315823741968737	-11.559781520143993
16.23799668446692	-2.995049433154848	-6.707485205006045	19.16649732909078	-1.6128902171190143	3.419726848372029	-1.5955951438344336	-13.38436693522138	4.940459996126303	-7.4027701473309655	2.210433861226105	-9.077653399167541	3.4489924342047305	-10.347733345547766	-9.505489203761512	19.348413977755882	-4.547885867912074	16.281134639528357	-20.50543186069739	17.708278578793077
-42.433436132992625	-0.48993594463610385	-24.376897224524487	1.3227025640198655	-1.029182197938285	-3.4809914147746226	-3.172366304640402	-8.506164579250132	-0.20795985925854232	8.488805711037127	20.908744313096474	-3.9352421222538796	-13.779958959226049	-9.442839420535604	5.526875224687255	13.629958692692716	5.062673824974059	15.425751114248941	-9.100954588202402	0.8318396390935245
-9.52149470808208	-10.050775461638885	-5.669076502362709	4.414263846702581	-8.396992601650213	4.598867747606797	-3.624000569275831	-0.5864232496036927	6.3551701329106	-3.042190418696046	-0.454569161669763	-7.765186369483703	19.029650836992772	-1.9902582691881001	-3.79845425066928	11.691881254524018	1.224200343569582	-14.122906401674365	0.6563206888133574	9.732180481116318
25.94950683318878	1.2329220275426682	19.059875067642164	-9.788377886607208	-0.6762512872025616	0.029491108453842098	4.745985975023518	2.2647679858570573	6.2778385049460645	-10.28167260773586	-2.7224237036959194	-13.241716448344809	-5.812306460884933	-15.832647275506751	-1.9209737022977598	-2.0817653940914735	16.08913036624384	3.945845980548742	4.04915667681083	1.8361153939730637
5.282885356101129	-8.523738300387922	-9.734935727583776	-3.823055494196852	0.8711290704994596	-10.778666675295213	-6.9040578847613645	8.645209489779138	-17.70292231790995	11.075347616882576	-7.946109923775024	6.5424829895163565	2.474503889817841	-1.758261723421596	-23.432975755323305	17.56091781047368	6.063142122863265	14.436538648773192	6.4630931566460905	-19.691823005916554
-2.760080096472123	-3.62825504244001	-0.1464909850622011	-0.7028533745290974	-8.867352328283097	-3.69695243418737	4.713785882562207	4.57604050218051	-7.884546658416122	6.518913856946202	15.639865544031688	-4.03025226408703	19.418530822392363	10.30243697799298	4.099589174686498	0.4205557387585219	4.902820833482969	4.608047187661141	12.26678892572507	2.878957517750461
-8.261914533627612	-8.741475243195909	-0.7124537315359543	15.517397870004435	-4.8164391431761056	9.992337002982497	10.287393072374613	-12.666900542777272	-10.333474413527524	-4.375434484451441	-18.935758131365887	10.03632307591178	9.108388907103487	-10.149514325981244	5.2397970155857045	25.730377382073147	-17.068502228851063	-1.0201011037685506	-1.6657982898827046	-2.6716512003905075
2.2171011189702887	9.145605325003245	-9.176444186657164	-1.7924683708078986	6.631213347225297	-4.774632074203077	0.8642486449832377	2.669074957459284	1.6708879337313287	-0.15397473205801224	2.511677150222077	-13.332099401270352	-3.9844013874482624	-19.172739307229506	-4.94605445510279	0.1331005317260626	9.136774721277874	-6.031042039748972	9.384908869237782	3.458475584361028
2.6601076620062742	-7.674147010785533	-1.1497455586974947	-8.263619656737776	-1.9036651173314483	0.8559782327426304	0.032233165476984925	-4.237607434871426	2.3748313514044077	-1.4149128072476205	1.7621851108410083	0.4597264067320844	-4.623503286490208	-13.109098184203157	-19.067855486517697	-11.829310606928269	8.519718019817299	-18.557724932715185	-15.57396857390356	-22.566824620560222
-0.33099262654852235	0.5050627677942578	-0.4405770696485874	-2.9316466308396074	0.4288957683521071	4.788516116027852	-6.252874704205496	-0.8352019903201616	6.293370121103976	3.944810041038702	-2.908576396955792	-11.056411479085007	18.69652250121132	33.882166097419976	17.49119842547306	16.061876361948006	-9.06600788012909	-9.528450862772761	19.057688306556802	-3.987626537040423
-6.545496437047216	-11.809643880694829	-7.198642438042663	-2.814923665469095	1.3125765857056229	-5.879534615207833	-8.369439438991208	-0.9707623926582564	-1.2990659651731082	11.102988517533538	-3.922952271783235	-14.647501013457582	-2.9116973951881846	-4.033288213725502	-12.358764802061115	-3.2553963126809	-0.4235467831434605	0.08684660280878105	-7.05128940107496	-27.058806352120396
-3.0204996682238843	-10.936496534150693	-11.08765579152464	-6.972540983064599	-10.377570034877534	7.060723973509546	7.978816211134172	-3.5152066998035463	-3.2388795110470765	17.357795780560668	6.659835408498018	5.032799221211856	-15.829946893628987	-12.012458023624243	5.899225203031595	-5.1484329313682595	-20.295819844212062	3.8875083064296274	-5.537431440312295	13.34056049939313
-9.860310920788757	-2.861435051056446	-4.201525953494163	-6.180239205811714	2.2739573825353117	-0.48729821823257913	4.697539992151678	6.228661360530939	-4.071821086294086	13.551065743789003	-2.684913832783947	1.2738437587325788	2.5803929400054533	0.8211699380640275	6.5550288637050755	-5.682720598606557	16.83594376942981	4.711175242031754	4.9601847394612175	-11.222051848184492
-17.750685211736023	-5.06940614700842	-12.03797368632292	-3.1939351944794727	2.7509492819858923	-3.8738122945661773	-6.69450429052953	2.17325294095802	11.820979935932252	20.327946864329792	6.695591670444585	-17.218597567138797	-2.4066350841656816	9.08993238163005	9.86010250560361	18.93152098136194	2.7137515679313924	-6.952682209872016	19.455505781475644	2.73360007056214
-24.254054419310663	-8.936544751061513	-4.035892573663849	7.170371550518338	-17.364865873555484	13.500470531088304	6.0073628184514565	-30.97663226305691	30.718636635004824	-13.982671835370466	-6.401128632818458	-29.285376479654254	-5.152151098981156	1.6721750956786803	8.934958955547732	3.4588623226769584	-5.369591210774202	5.337538786948159	-21.064056796851975	0.775238289004946
-27.80902282893981	-14.365684267602091	17.78824262639357	12.917155924745721	4.164770518564045	6.85293394455002	-5.275716349620806	-10.102140762906659	-15.82356952501803	5.020174542593072	-4.4897220089213965	6.910118921124189	-10.567960130039907	-18.933756147424525	-2.3164541368179856	-9.137273258378164	5.507066294899884	-1.7118149826721372	12.402511942985406	-0.07843232874658491
25.238149191355323	-5.588991374056494	-4.871716928268395	-25.831732990425508	1.1564924611631822	7.830836390064471	8.499892463828205	-10.604439512661068	1.3879568239628055	-18.72919825089691	-4.624015749686839	2.269509191912661	-0.39933901754250595	-12.116613958030745	6.595722506924513	6.735773633676232	-3.6560588135907515	10.850991417534651	-9.484252396086957	-9.279406854960696
-16.56937195460503	-5.464710278224613	-9.602045511956376	-8.247358855571624	-2.6450573747709245	-0.6035754066827631	-1.0573568232962614	-7.93178206704105	-10.264563465874325	-6.6535739084996655	11.882085150540615	8.13728666261544	-13.553365869253215	15.632183536537092	-0.12130727160618927	7.902026591362676	6.978053685807292	-25.829297654270537	16.958091214170363	0.33726344500863853
33.43307487839647	-12.888911087267994	19.387581576845804	3.365274681996662	5.1529212079954085	-1.679349756723333	0.6441006684930826	13.590439775425184	-8.71638847031898	19.502422034413467	-16.029897525295556	6.737917101899121	-5.80865098262382	-5.431815220863639	14.905186439635125	8.085319931871247	3.135598963009042	-16.016258982485787	11.244342614809035	19.70964235070903
7.065045531282259	-2.333891640230294	10.913861168568179	-1.6203992113495136	1.83106829908946	-0.3933460195042586	-2.0568259634945325	-1.8064735574517752	-0.24726554802640577	-14.81516155015951	1.7857532857433058	-6.694459945906099	-5.136475594121126	8.172607387120973	-6.165417843816854	4.753586832835343	-2.9716808330341835	16.016767621431086	4.180281065230857	-8.962861827891256
-9.439002284458711	-12.844310193133701	4.899290134802236	3.7407859762529383	3.185773837175698	-0.38281039575105386	-2.3373301567693616	20.132563074961766	-5.2174068774107125	5.219021995708154	-6.192262593535893	14.62000545714543	9.819384920621152	1.807467534186623	8.256813533215952	3.7630465595247005	-12.232889779789467	-9.890112750417705	-4.638965516343885	-1.2263785728712366
21.529661273807516	32.71669302840994	-31.973978423821166	23.12570025473909	-4.872821561114147	14.660639077032762	24.535864188311688	-25.860295183517728	22.37223087343175	10.2179250965369	-9.181966473285817	42.28245491646265	-23.874408322251966	20.71781279041102	6.009665381133246	-10.422746387815064	-2.033251563872021	-3.4207282968261077	15.917425816651825	-2.435030144854201
-5.3035280388244335	9.769633671830627	-0.28004490244742597	0.4474632810005217	-0.2218468154095189	-13.353989951508762	0.24608500795918023	-7.277589375649559	-4.720786716037101	-2.4342337097383115	8.294228880316377	-13.211720407795966	-12.282411916090348	-7.345072597803628	-16.103945748468103	-17.360974371799507	9.502337463821172	18.133723712986345	16.881829877139587	-6.459547966457357
-29.860089209959217	-9.850844612481538	-10.85640012305271	-0.15598317028804584	-9.138117592445143	-12.21585553109936	-0.8378916557899888	-1.1244726735762702	5.939203152959299	20.068306975711817	5.8708537098406905	-0.07418773559834313	-12.422541407922509	18.064262078028555	-14.141414233062209	-5.430205469249862	-6.357313506986895	-6.286626044500503	1.5486330922001168	8.212157836355331
-7.3017393991111454	-2.12888378662288	-4.125302302183475	8.23066140836488	-1.7993117906865845	-3.7288679821302617	2.6931717725026982	1.5589611860644004	-3.396919744544846	7.055694759961423	-9.504266062907034	14.87065159002065	0.80964513667727	-7.536751861691423	-8.908617433402197	-18.668159667780802	17.559067517277388	1.757728766044837	-10.302982528148066	-0.25196232181818873
11.451186626762539	9.134355379065097	-0.19465226666613283	0.04085326472821663	5.6802706752562	-19.58722576621743	-14.255789592710576	6.245110742407694	-28.92107389328786	8.235002262091392	15.985161149775903	2.8569322877103422	-16.530269123940048	7.829212662710057	-14.405723692753382	-11.877181269667938	5.161638150651685	-6.0974387945555515	-17.586964003301762	-7.593765962544385
-26.50824481431906	-1.2903338936421853	6.054057642948176	-24.464619586749635	3.3889290280996756	-13.905091949057399	1.9687947495450202	10.380617462264139	-15.37263218829928	-0.9072740054707763	-8.506939393973783	13.841193370100443	9.261210049132284	25.827051864316765	-11.241080257343102	-13.099551578916586	-2.8530971869171022	-3.5344032345333307	-4.163052651867527	6.320975167335462
47.5272283200864	-19.8123523514778	-21.82585095629422	25.9132573793349	0.6989557805211772	-25.500104838493346	-20.669029243550433	18.549707257532347	-6.654260153689815	11.106368709277882	2.3725933839607505	7.313253453528063	10.006039544084423	-1.6014795003830677	2.536577859199065	-2.934786569602375	-17.937971164009664	4.346763766081124	-1.188941122263443	0.05862148144067168
59.269554460681825	-44.039575343092565	-25.355854901198935	27.198418868348607	-6.242101823024841	-1.7767155391648948	-10.427220269673192	-4.687441451645136	-5.618107508318553	8.90687936699235	-11.542096451289417	-0.4146837165392054	-3.898802792508017	1.4558974037826282	-0.3344854372343933	-0.6348608914868751	-10.666622579652758	2.7592559660354756	0.5329069602837648	-5.518399264749356
-5.988954637609878	-5.170102072237228	-1.9737201410729586	-0.9099042685880906	-7.49898095978851	0.7652060651700234	-3.0557592597592307	-4.957977903259647	-0.8145082725815536	-22.09606841506068	-12.070570696166264	7.544021849288626	3.1166083890491656	13.358941739054902	3.7435864186948358	-2.5070333740287842	-1.936828200745968	15.325360553978875	22.340012759386497	4.0371835762156705
-10.877346142806566	-6.91486015300506	6.44714595811598	-26.655656821114288	6.070383259664968	3.4366603597980423	1.972984760405977	0.8837268742563129	6.713490327446762	-15.160348122836437	-0.27869573794103647	8.05744131980705	5.564339467708803	11.428339437864217	-2.2508386620964407	-3.0408112371122593	2.2383535026985664	12.894501660146341	9.937482662944594	-4.707680681970405
13.980670448935676	3.449347871410497	12.835698565904588	-2.5174815988015435	0.3952163209135923	1.919119892169921	3.150343099708739	-5.902552434238266	-6.999008521646634	-16.553469320329775	2.1254146797389577	-3.281771277397259	-20.022243577073297	6.076252546025845	-1.4522039694393807	14.177995003640198	-17.416190094088403	-8.96284290841984	3.172549343003063	7.529415211139278
26.514285011672698	-34.282482002719846	62.69382204105384	6.967772821362085	-11.163994209077355	-10.891942922975241	1.869691452888929	-1.2868304125874135	45.49854169338993	14.60936765714866	41.84950270677301	22.70685950243055	3.1076149192506857	5.657285634947465	-6.571985839067269	3.9967002084435204	3.4300870541260884	3.165849875800253	-3.0814846676679766	-3.1144303468327794
10.356881674401654	9.159062800487245	10.72224745631656	13.172294936464546	2.6469356446698042	34.88013123794801	28.841492812639906	-39.82048973859692	-35.7122162976256	32.95142979642289	18.01242752649851	-15.370398948067152	34.20906441557857	11.497453313131446	-10.858703713969872	-2.9420850226976674	-5.182746153320991	6.666152420567109	-6.649273828704695	1.7215560090745037
9.115311343698547	20.54160995239982	-0.2983133809491925	-8.720271750824256	4.87870023980617	-5.851598793278888	-2.4625633944871366	-2.9324118414137272	9.834871878397278	-20.59016272624081	13.357081292717913	-12.350219409487556	0.5126276301095822	7.4250596792355354	8.919519705344404	-3.4262971260632615	-12.06280721136657	9.30780146479488	-5.960397968195691	-10.899447964377167
-4.524312813541199	-10.177560785640518	3.0800818867635553	-10.36097441093511	-1.285071715854656	11.487197809061422	0.9049119611703319	-8.165734486828043	-0.33275492281519836	-11.909103240055302	13.075829412062186	15.295714069788373	1.8702880266011446	-27.28915962725762	-5.2233467222611605	0.3872883817083864	-18.0473261519467	-10.745909586215657	17.75026777003983	10.439037622742811
1.282373632982186	22.021406876491444	3.41740434486018	-0.747615424039736	8.130874261505712	-5.190860717471183	-11.588680846018725	-1.0584734926014812	-15.218518635014107	-15.567347450199012	11.072186033011103	20.572274627799413	0.2868512267848371	-6.653929443337308	-14.546948256312332	10.721932906060145	9.257204325523315	-3.947022351793751	-5.4428373803066465	5.922779716799985
-15.193938241437513	-2.37538649516066	-7.925377214720107	-24.4064060907009	-2.9333799148546555	0.4722233513601652	0.7266338880938219	5.202364246718662	4.943091539125266	6.977684447439607	18.09605622797458	4.8757609509056214	6.829913897818669	-4.62116674047502	10.182504463487216	-4.3237525830973125	14.116090763968126	-14.584840085683746	-5.010644715999136	-3.583961656343521
24.249935391358868	3.4274033636610675	-2.978764868630587	14.443186834674849	-0.7329055947758035	-1.202511026141972	0.4017180087918853	1.5460712368854295	4.316715449683026	-9.767595237218053	-12.38090343622591	-1.6003678462321647	10.120958911038855	-7.697827576884853	-1.601221891021508	-13.629046840462276	2.7190862078480746	4.230524753142346	-13.97618891663549	-2.3610962510725426
-36.29244494065406	19.930559607284206	5.969263938086438	18.90052499361112	-1.1516424039520632	-16.186145932977524	-13.922454220083628	15.105194195879085	-5.049826824484234	2.30628240569337	6.310498147229609	-3.587647717633406	17.178725603079428	0.2602981160860197	10.57466007486473	-5.035567684961275	-1.4608516585707652	8.989250566212968	4.359195993359826	-12.545325908636148
-11.048376095006837	-7.376938008718663	5.483603070068416	-4.628701100097286	3.5004328369941886	-6.639044442342473	-0.7880366089215107	-6.911522018588702	-3.245040011957323	-17.047909472197603	-16.684841069167632	17.28906326766067	-6.839747106971822	-23.83728874648181	-3.414404125137302	11.70999991953147	-5.496995174088479	-3.492014557736255	-3.754978176727248	-11.464922688806165
7.4497848642417654	0.7372980185303873	21.842755608472306	-1.8243044935079797	3.164716949796261	-1.655264124134421	-0.2022098639093527	-10.474656702896201	-16.622134546298177	2.3656278911643454	-16.54729797949899	-9.730184038478711	-13.571854829789038	1.2553025452515807	-6.88345412785555	-9.902918031145967	16.794720877889656	-3.6275507503856383	19.063175430443515	-18.719309646623827
27.364007461187096	29.20185812581495	-15.37384735371484	-1.434199288352287	-4.421779893942983	-14.380201964484243	7.831236407070867	14.58690652994676	4.59875653587674	5.023411045430693	-1.0137130070823606	1.9089206700096737	9.772229510328529	16.458027926083613	4.823191142488623	-12.799288372893319	10.00922226967046	9.247749944257658	-3.3515949313698377	7.963257216292691
-41.757694245194706	-8.395293572294058	-3.6224873058318865	23.564239936399172	-12.23102662843634	-11.6171337691813	-6.284316509183888	-2.4219902955236035	-1.8180490363735307	0.8029953610900538	3.632342498788626	-10.947585845246724	-2.4446346102262417	2.283207155551935	9.229455611227797	-3.5854460038823213	12.152424154516456	-20.89247156426627	-18.414643594615672	18.143009493171963
-3.5925023604113324	-14.743764742287937	3.222781772679556	-1.8567884746122576	1.195258879742429	0.03357352407060457	-3.0392827770889523	-8.290468523279992	0.7723659195449541	1.880155703496591	6.547537863802594	-3.923732330522682	7.1968880496519425	-3.6826864183041566	9.580237256284873	-10.398741224751483	-12.015039437983493	-1.3035257977674002	7.344792642546279	10.502436029096605
16.59542057065698	6.6319820602359085	3.1091026828885724	-23.526278243859622	11.53456654619675	-9.897218299927607	-11.327084395023629	8.190362600653183	2.2769552321104007	-4.097068643999824	0.33034852484368693	-2.9204094459928154	7.34341851305881	14.135869397350836	-5.9027807204013465	-6.538311398699972	-12.828743893150257	1.6820255353158637	-6.136566451757164	-12.832346893843894
17.15236107900795	-2.511032386772185	0.5769524439806498	-13.039938887072946	1.4070656332860019	-7.4358562727376345	1.257584423668518	-5.493537495403774	-7.166099088996136	-7.19750568797384	2.0857530966094835	-5.3199867099072735	6.367306616040036	2.6303608097057682	10.446197008980361	-7.4983190247588904	-22.89023640486137	-20.310832330203418	-19.281015000933685	-1.0160839299227458
-30.021911591975897	-13.248521234993158	-14.344920607990913	-2.142137872386669	-11.463001416371654	10.838304833809506	6.803277127370537	-22.547968016209666	12.545640948146838	-17.108129398395118	-0.7785048657087321	10.626444761003574	14.351969339227635	-6.874254680809126	-11.884738792505438	-8.701848264863733	0.7050030753881055	-5.574372941804749	2.684828417146904	-22.086662865644954
-32.56725581266154	-5.287617511686933	16.371192990904568	22.33609556342368	-9.093520100909592	-13.452277310505304	-14.358614895637848	4.061290059283628	-3.277321892974134	3.3806914435708246	-12.029676574436246	4.0104243231242975	14.358591097728592	-7.993572804579893	9.82640396353236	-2.875338910207543	-0.4219599334663528	6.395407122150264	13.385436181394777	-2.8756847585679406
-0.8535980051989099	5.85157141768544	-14.244707542690547	-2.5170714444824602	-8.781703155247671	-3.0684288459885027	3.382287421297191	-3.6631573361811274	0.7666667412335014	2.2865529966861957	12.511145855244244	16.484417953639397	-8.224111752467293	-20.51010517077097	-3.3464350921161192	-9.789409546910633	13.424369026738045	8.694643331079561	19.79352457930419	20.37286588527319
-25.129800684084024	11.637119837538737	16.7837935343808	-12.794089883113362	10.491173087086244	-7.400572818452692	-3.206571192971231	12.026718489110483	-10.03212985898352	-2.418963154849689	-6.478633289819661	16.783216737329038	9.404262557325602	11.404425653624159	12.169554977065763	-5.4087289604520254	-9.545868964603555	11.278294356825354	-3.5669072598185023	-7.204094139244943
16.81678574666691	17.622279365521667	2.79683639249135	-6.36056875815406	3.3831631515249763	-6.0329720074640125	-4.6235803243087075	8.113187643702702	-10.005264468675625	-3.1902089110759837	20.618172275523236	-5.724575641312279	-8.140614685411876	2.1889733390950337	2.835664292378983	22.84677406992085	-4.701050660844699	-7.443821627510335	9.128228663785672	-14.190467804980111
12.05412678464151	22.26250896633022	-7.532584397967358	2.761567956031651	0.6128813741566993	-2.515492500755276	-3.3348288905334167	9.990281020262483	4.145884102523092	3.7653790993278697	7.556884604892639	-13.901085491759167	-11.98336844307264	4.161533778020302	30.569139840099332	-10.482062123762537	2.873846977732696	6.757763366711476	16.192740843766906	-0.3333182874733912
2.0934149406756646	-5.379451771972014	-5.291106958379513	0.9355827179130635	-7.309868840572987	-5.872733663968165	-6.017417893106273	4.823220850977024	-5.144915004431168	-0.6678531513155005	-0.4717784343331053	-1.1902096517688214	-13.584836251159704	-7.970184199709033	3.770438885178653	-6.957635383010214	-12.66888156297235	10.277819078911126	0.041661516300194094	-3.22012951480727
20.545184969369547	16.179709957535113	31.21525167600017	-10.237398026988338	8.206881848002872	-9.221347614614618	-5.255636979885651	7.207913795408492	-8.381897053376756	19.506410739702524	-6.0740165752069135	-5.374346300390912	-14.164861573043156	10.105896089590232	5.270093610266631	1.227635550146349	8.10640158869643	-4.240706145764469	-3.1070262663291097	0.256484840485895
-0.06359004335857303	-10.033408824015572	0.7989479845645497	-9.84395474096453	-0.8192059469079044	1.154753148274708	5.566536580722048	-4.743007235149746	-0.5069116866111577	-0.972439207666869	9.918820195102299	-2.3855898659140933	-10.48061865985222	-25.861935880854944	4.7900073237336995	-0.0334348644614093	-5.097059606784363	12.146006728692482	-13.910726944147655	3.1785298410164264
8.294281361395825	-7.042461296854968	12.331460595569414	-3.0918410934195526	1.943737070091094	-3.8073168116144407	5.029368979367322	-10.686761747114799	5.928100942409745	-11.302112651946993	-0.7060305790366468	-6.19845545377811	-12.137582896969096	1.2514517082924965	-7.24797630721421	-17.056309053390642	-15.3398571399395	-12.679093754878917	4.955693620083313	-10.72230602698458
-35.387979651009154	-16.9765980826245	-17.331226710603858	4.764126550504928	-1.177475848059675	-15.966414420494292	-13.553604752873683	-9.277536803379498	-6.41912612795878	16.650510009774703	5.230210074646769	-2.7715862674915566	-24.270812329691438	10.917840481433052	-3.669208430950392	2.533749599045048	-19.387670361033983	-2.6202373804873007	-9.508991634703852	-9.609313019992735
25.080184996565126	18.491655828202912	-9.978663214075628	-2.517522683189975	-0.4672103904514685	-8.952418120860555	0.06562159068321154	12.799628751892214	11.483013855465389	11.17765627015403	-20.700296842500308	8.020565347291106	20.650096397073174	-2.5529926638401963	-5.302588737489389	2.7687750082981037	3.724862895062327	-6.027242389966683	-16.829479682161264	-1.259217462024161
28.199261045874625	6.746445627364094	-4.7040707910304205	10.843815665250494	-2.629748285655281	-6.226909536358449	-4.97036816351138	5.883196343952178	-3.9222572557863296	-0.9800403900432955	-9.232583153591854	6.451092476582823	2.3064351212849363	11.070594974029255	6.288477130842837	15.448137603600422	-11.442352944117024	-7.337262038597003	-8.584505178118444	-1.044185000270316
-35.09283722088312	27.63719164733654	6.969002668023329	-15.229637855660515	-4.452200253586505	-6.960023422486721	3.476714476850479	9.140448953009939	15.07379445017016	38.17230894875522	-11.762308633066022	-6.7675918483132875	-1.7397171664755817	3.062063776720743	-10.14697011219504	-6.026078173529963	0.17765112435705477	-10.025081281566948	-5.2484862534560355	5.786162337722011
-1.8190887060755223	-1.7978596530866062	4.9635304662975015	-17.53825202774917	2.4717341055178075	7.641252107483583	13.294983523422994	-1.0098741109448661	-2.6755922089722897	-5.854054303134747	-15.524015596257192	13.499580008171598	-6.3967782141031755	-18.67260867667811	32.51384146552922	-3.619074062013513	2.1245618033718654	-11.704952991375922	-7.873656393493684	-22.076206986600813
25.70513098028496	-33.84132193228404	61.511319996658244	7.2006325420645325	-11.432424409608192	-11.01549172134883	1.9321653013560607	-1.6081041836667873	46.29040170278117	14.704503491384202	43.001807009460336	22.896805718033722	2.802637750469498	5.927637319614559	-6.909943480262525	4.068674648230876	3.184709797357207	3.1959671672464283	-3.5781481085782887	-3.647603076816393
-1.3245885931447656	-30.594017266675962	-7.01853027113526	-0.42502214263371785	-6.844013220661452	4.455581906294472	-2.4883528044976506	-10.424017404303253	16.278866607771576	-2.319887709136337	-21.0696088662797	-20.294648926282825	-4.160530790146154	32.97647362328113	7.305037996720544	0.9513510472935195	9.533191420739113	-3.3689616582597495	-1.655928036590176	-1.7983225063356194
-18.230137440610875	-0.6721926282203243	20.915249353840103	-20.215328466781422	8.264615952122675	-2.2751195797206054	5.86118555339543	-5.360470141682237	0.158123666822091	-4.519627696300299	-17.058658837251063	1.0142567421815287	2.487719828940242	2.1143780960132834	-10.313179526802202	5.097985348604626	-10.433317858338771	18.650651392065647	-15.226711604401945	4.20684397952347
6.468161577477005	-2.2611078552173827	8.012811464524724	3.1824834857615767	4.13240633346358	-1.7820003256096015	2.008826119144928	6.598655705797636	-5.564539046257443	6.789965704050528	-14.927264501087762	11.503221149719156	11.709092381376765	1.095986611799709	8.160651988590065	10.211147515957215	12.131058280684064	-6.319404243121674	-2.546768170891379	15.906158520898257
20.761797863767686	25.086761832996636	-4.337386475473143	14.134115921769148	0.9582166383869687	0.06985605538552137	-6.434961072160374	3.6444892648634517	13.516103435306563	-4.4537623178179695	-0.708659266786263	-17.21205888510368	3.016772543232623	-3.9448257205480317	-5.152818406817909	-1.9482690460033563	-5.0054711175328706	-11.855844045467196	9.600977392426428	-5.053220123186056
35.74174188477118	21.071754450411685	12.956600139062997	-9.580915943395203	5.821739328051779	-6.905973096891939	7.871739562723648	25.82744623939816	-5.146890195882391	9.306387577859807	4.410776501468277	-5.8608952319292325	-4.050400005940104	-10.666106929010457	13.118007630385902	4.138457377999798	-6.698829237654639	-2.3809458399979593	-8.149591067080557	-1.1407590973274744
32.50885229632394	-41.793100663723216	-27.498054578838925	-34.72094601688119	-0.9546492849464692	13.701149637519418	9.038406765894583	3.999412881994092	1.5928161404784629	8.591436197902608	1.018700061948548	-9.15070223698162	10.125362301796553	-6.060932887035693	0.4903763591601227	-5.503500741045507	0.047459580207540736	-2.1049800847107774	3.723581790792347	7.957630222437539
-19.653903097170275	7.774087046436668	6.585526487436337	-19.093369179618726	9.881003818678717	1.5613454709422832	7.569041716049713	1.0549641046963207	-4.888888967534768	-10.951959306949506	-5.506878351838477	1.4399228351025068	4.298945425858544	1.8484395061263568	-13.626289216452404	9.594636121655086	-5.552333776867095	-13.103582061741346	8.527107954591836	22.41846805774454
4.453136271506421	2.473090992484653	-0.5179238454123358	-5.891031369445681	-0.4038943656243857	11.25653430036062	14.68957977991683	-2.9094238596908584	-1.4503010555883704	-0.8641134016377797	-6.109199490801604	2.8501801426498896	-1.3815551961096297	2.410641490522646	7.490854281060109	-12.169460094198373	23.179479421582897	29.784705524942282	-12.097495720423913	14.14085642421833
1.4409627043322377	-2.6096020737189916	-14.114747493526307	-11.927646143370612	-5.878347279891988	3.0570811548935057	4.88014795076116	-2.811274573984746	4.658505784468969	-3.045577278632634	-3.849567679615539	0.18136127674338803	3.408772447714954	-8.996742418496025	-0.3539899557487027	-3.4487652043816457	-20.85310819645953	13.220002939630852	-14.338129688433597	10.667890506217223
32.27714120521841	-4.801174583136117	23.796816703052986	-1.5614639291759713	1.3413810436854325	2.843449054787218	8.025343173789784	3.844557659291179	-0.13222526769655793	1.752681301373047	-8.970215206993592	-4.6631714615060975	5.255857273221172	-1.4177080770702937	21.224361331189876	-2.608545657317876	7.72216716775451	-1.512308860016665	6.019252229069278	-13.289756882908074
-23.748076727430966	14.223015742686165	-3.38852678905264	-2.15348648653396	-8.625625349081139	-1.9918851878445347	2.9748302709516836	-16.881434522838234	-1.044438802653464	2.8939740304983923	19.34529143360355	-17.659113162755077	-22.625594559604377	3.1663430811630113	5.995716911821386	1.807509907460555	-4.12884609766664	3.493862973772885	-6.7378893092018055	-4.117372837677118
15.895592663902386	18.03149059583875	-10.359422405433065	-7.652240241375019	-1.2002013039339885	3.979645281838418	12.956749081129212	3.410844876946476	5.6837446153171785	8.043259089385627	11.195382546089135	-0.36157227725299146	-5.189428408345893	-3.193891150776042	10.724368317598268	-15.678032433095135	5.973018342603139	-5.4692763809616105	-4.724934605103838	0.9518364725201489
25.630712185629662	14.783393086245635	-19.998595311266204	18.975481661757193	2.827708130258512	-6.909790991082608	-4.113615704958023	-1.6295170626069821	1.487111077491333	11.256542443513029	9.749752537251238	-18.109576920845793	-2.749876864592485	-21.962283475976395	-4.765423573251777	4.592076671834881	0.9132514697084855	6.926217945382187	8.611334696624242	3.205716238227834
-25.770022229254934	-21.260297715564636	-14.862117286131529	-2.9751490423114264	-0.77137990219153	0.31249555878094387	-5.652376896363201	-7.011213415918898	12.382443295391791	-14.48773608387091	9.74065179618139	-4.714075999078095	29.79684380777368	-0.7932850131064308	-3.6673393785023123	-13.861426647139924	-5.989712638453782	-11.305958116759044	20.243369570458782	7.249620111767821
-12.015890717338596	-20.64989959332942	7.66898831229797	13.313866274030895	-6.778572807587771	-0.7630575534009341	-6.0774720555279504	-3.5783265599843155	11.097460289175208	14.655258567332709	-15.759563956146168	-18.066690182499883	-14.139539457117822	8.307608676222157	1.1078191043748153	-4.057009084551302	0.2720294225403582	21.49177088528767	5.32202731676907	7.7162007266146135
29.189131995183885	12.534402917732587	14.096490373679528	31.721319565100583	-0.3906098830597653	-5.2981761696070055	-2.2876457805276593	-4.506959885507621	-22.108310164960844	-20.00805210400892	-13.575487637997494	11.937046903739715	5.438601951903038	15.827541631280027	-12.930814163599095	-5.647261853533651	5.1253067573658155	-0.07294846381414809	-12.55836519426703	-0.9813611000696715
-45.897225417307695	-10.84241659165785	45.3178355836578	1.2097065864084393	-6.228842270439236	17.295411279815742	15.888139541296393	-17.0404061939847	1.8041300022011628	13.417916656602403	-25.839628929100602	3.701029153987658	-15.122885738278011	0.6340064612597629	10.503115874355846	4.386408966193942	5.898517164903109	5.344338752080322	5.280300440098606	-7.773062523991764
32.349768966546016	-40.416058225684495	-0.898766701954024	-29.883086191848456	-4.722245781490512	0.9240147120911748	8.942681758404447	-9.430319461836557	-6.747168958772438	18.3029856615106	-23.89326562874362	7.270771344993151	-6.177305768499124	3.496686962772519	2.6891712811950286	-3.113050439376083	6.180548888570034	0.27813287660261565	-6.785576973203476	7.124483183075254
-3.3733905459876117	-5.063482630891653	2.4435472159928833	-5.663344215358932	1.524281583868728	-0.5590264894478054	-2.052869247675079	-4.144806481902457	-1.733513781029252	-7.388758390198283	2.872671904875994	-0.48053400526444046	0.2651856927709158	5.655588418103646	8.817042242171794	21.974995859992116	10.946590707057183	-7.60193940070665	11.339894542207272	22.019570488514066
6.024437848691569	-11.74516883180176	3.965581617341088	-24.186800458637137	-1.1397207223141153	1.6483548213150145	7.585626126907536	-6.943618372311181	-2.0358650224408237	-25.723904900280388	8.34747392138793	6.5929054141859265	-0.677443830623848	-4.55899866244642	4.852038839778323	-4.674839098889146	16.50386935914902	-23.024434120425244	-1.2791842371231448	13.10553253306494
-30.825595790042502	0.31922144241062717	8.923169941868428	35.9904093641863	-4.902888726831304	-20.59748492308187	-18.040749434256536	2.339285159683409	-15.328560758911745	3.340426526601722	-4.939545223476383	6.31170285945327	-3.3557099180941163	-7.630952013510743	8.967581386693023	-4.06504726203473	1.5841304151751094	-6.487333585362421	-12.256922412170985	3.1238986556482287
-6.679986072071007	9.502382464706516	-1.2990337049280085	-6.5499245678582545	0.9642331565661442	3.459348877892223	5.29407778364159	3.1507294270558694	-5.021451260129977	4.314475003919222	9.74665769369438	-12.361227766089197	0.024395933146334432	6.307125770709393	-3.5594054069057806	6.612337686380397	-11.507122565916069	9.57323849412267	6.810321462334339	-11.90961648819253
-7.067890258006408	2.622378010689118	-6.865944103323852	5.029080572320166	2.3147102940434667	-8.970980190490998	-3.2535833021829608	-6.878825839374175	-6.233843801369704	-7.868983960274422	9.454731988194377	-9.639861740221916	4.062324110145959	12.56559747994636	11.964993890689026	-3.169790190051524	22.069224419661616	6.6404762718050785	1.4019782117265958	-29.949882900545788
-6.262311042335977	-4.428779382211785	-4.876431649005855	-9.985737362494342	2.42312113655548	-3.121377995951429	-7.289062844538588	-1.357004676797583	-1.898213532933791	-3.282778794682498	3.079326798320487	-9.677025545866528	8.599875664432966	-1.951836481705331	12.458414003376227	-18.066674967370872	2.579736469734872	12.381276268026337	2.862638570464898	33.60204678145284
15.91988436769393	-20.74674626237456	-26.83368975619515	13.574655522867804	-5.694958337407068	-3.2143468515797746	-9.244761641292182	-3.4895007810553396	-3.78273006280436	-10.082565423446113	11.631867252928195	17.93342855043238	22.686295070175003	-9.59201980955293	24.950879898508386	21.47149396833072	11.610294897723927	13.77817460298166	-1.9819418484076698	-17.736797316880082
-35.677176542139016	-10.029683435372876	37.88636341382314	47.02380079104786	-5.7385695425228835	-3.2718282833567067	-11.007700407353466	0.28543513220756783	-12.400735263823073	2.1881645700024546	-11.497175966095252	-0.7105883169388161	-3.1832626119817538	-9.912077006606573	12.359372481258045	-6.600782573765759	2.2244888356347228	-1.5503412421004348	0.4801832529041486	4.19963307712428
-9.797335119034075	-4.447297573972584	1.456142614906363	-5.972535723277788	-3.187543220460398	-5.477651885457504	-2.964502032593096	11.45569188622481	8.444881309815827	8.038904322360585	-19.67226455996323	6.866315408338356	3.706860074283898	6.324347429071281	-24.81331387504322	5.983359616659423	-10.79829820827974	30.38967755853171	14.868827806057158	18.44103849871295
15.45742240961451	-5.454270334563087	2.6534811073565003	-1.3843721914107345	-0.00496566572124414	-7.769522710974731	-6.787396822111116	-8.571681253187675	5.733402938557335	7.142746012431887	1.6642945283101744	-19.041613959435203	-1.973154907255766	-13.098756405937372	8.963160157885175	-8.521436264171324	13.569544128728763	-4.2655718373991185	20.54143513907494	-19.281751221381786
26.325676704530206	39.421433317473245	-32.924214943769115	26.770769772910615	-5.053552439467561	10.135406746425318	20.723531882829953	-19.39082046603773	22.40529266150157	12.193753012154389	-11.71202789093111	42.963944954970515	-20.981184524207418	16.655836522903414	5.120385951704301	-10.07722453227123	-6.566968350740912	-1.1967364933603744	12.847508999739311	1.6541148666589265
10.44353328532461	10.267211619097997	13.435770967265608	13.28716673478966	6.568375845018724	33.796258999240905	28.183757870288037	-39.76134620411644	-45.871586640585306	23.382770771032614	25.49534220627522	-7.325131859841505	32.87978902982997	12.18696070686012	-8.444698339574977	-4.626551474582049	-5.336781200243443	4.719342947631351	-7.086215835615112	-0.8962892655216868
-36.95333091584429	14.977792886536921	-37.34304685990353	9.139452363842329	-8.464072724939134	-18.606503799440716	-11.20682893714892	2.9832406587331652	10.173841742309635	9.216621603928118	11.94219683001333	7.2388311369147935	1.7988662325818925	2.2894145286217715	2.7274381957881717	-0.8620835719125659	-0.2852558567242536	-13.17134579872073	-21.541370964402933	-0.025256306525584585
2.311344185451214	7.564288045948112	-8.602249922215401	-16.496687256994893	-6.987316652614296	7.189402552806411	13.75894452867684	-0.5753913006389967	-0.9025569948610365	-0.21490426603870721	-5.968232680028908	-16.10964145902001	-12.83334871068135	4.842967395304061	-7.341411480368492	-1.3337011341293712	10.746765948259672	7.848827518368729	-4.431942839060439	-1.1940817826196939
7.422501506108555	11.425052283456699	20.95566242156631	2.715459606300703	7.743279314247795	3.8831263386133235	-0.6977582983750386	-3.8529795220570833	-5.523705060398227	-10.406998196870571	0.7488624857103642	6.1166817885252	-11.792447026189086	-10.350627591693499	-3.693297873051889	-27.512877620779058	-17.61452582939338	-6.3342905209970155	-4.026998422597304	14.65350786067755
30.99455482967045	-1.7076879920972945	-6.281327505512182	16.53204182560303	-0.8225807079393618	0.28467505549713434	-6.682703596256645	-0.3952464665851998	-3.9628438070236522	-8.345736862425587	-1.073327236437794	-7.7185948358143035	1.2316853503462872	-10.56818075910542	-6.571436389877451	-13.708931653830856	-4.987098660035262	3.6417259162371463	7.607821524189562	0.8619669327399724
27.227884500585105	6.298907372203736	-9.528156394527688	21.8272539633939	-2.0653665414950484	-4.810331098147369	-5.611937516857628	-0.05215633090714689	16.59196722321476	14.44344039401391	-1.5376831880553206	-12.789373405303296	0.032524399498993654	-4.912361639365364	-9.16814720253052	8.405337763120702	-8.945775737806535	1.5497678753832635	-2.7406838819133887	-7.740223764171033
11.514360167882632	7.950557777401631	-10.415988205317994	-7.508815812295436	-14.193738993384772	-4.149149098883533	-0.6235053991747177	-5.656817614250367	0.7432975654818645	-24.345558104678503	5.232881050139257	8.980486295087896	3.1989690047933435	11.762164787950253	-4.5354495252809475	17.13570049774435	9.06180123812029	9.282447223556295	5.980740965011842	5.720696997549255
2.5063485924366127	-11.453921155331072	4.694478721033557	-4.062031344049546	1.031722371047814	-1.0926139213622836	0.0386984196773121	-2.363090518671424	0.572908229904771	0.633193508797426	-12.316388178220095	8.269351771067932	-2.432546581762626	-7.483996328762401	-17.52443699508538	-4.547193923976363	-18.371297038525853	9.457402541757876	-4.726525628178284	-1.1934383619664501
-18.17921840607424	2.318208153262264	-21.56257820580022	-20.239177152495536	-4.663475050637083	-1.2409840520782465	5.06830094391762	9.373605567150097	10.741076730636088	13.552889086918467	-5.5470435171276105	7.487580305473037	21.626821318140365	-6.049193612897259	-9.860402601953895	7.988841516863087	-3.4862877687711418	-7.940338740172075	5.330066954460174	-9.324066224202486
-13.509388031234026	-0.9993181674011902	-4.58611262251597	-0.08317515337074156	3.1902371987591	-4.859512886192868	-0.7742786297636646	12.623928271985093	-9.726973841354456	19.370958250316193	-10.513620551790131	11.203630731542527	15.536211255334864	-12.868781679021327	18.104342630302874	7.600998043988544	1.2664570154401598	21.57666060871135	8.342927694791499	-4.200967022281602
4.2371474775629245	-1.4789343370427281	5.0166652303407915	13.95149644822876	0.29668517360183155	0.2235267192542039	-0.5953476963430876	1.1947066653128626	-4.523553633672764	5.081582814336835	-11.412940767459599	-5.149488831090389	-9.27232440958109	-0.6484992587627335	-2.120392232373312	36.246383605779336	27.25092233967197	-7.426393032882304	-14.442179647407198	17.354691987562056
-24.466972545795045	10.09147362795679	7.010752319758557	-0.7407102149861716	-0.029469924737680096	-5.5012794353328305	5.1224379702853025	16.38769625206887	15.016382072981173	5.9994707433539975	-0.011506735176056547	11.511140184823944	21.212421075333882	-7.087132856749953	-13.958931074742875	-10.962337094055759	-17.218550567170166	-1.5347137848119363	-3.304799219238258	-4.571152335696661
-21.784617944357773	3.1892264468468636	-20.864691347062397	-17.900389767500354	-1.4285000253798381	-5.267320689115668	-2.828071528818319	10.235093756639143	21.274610091264567	15.127207467620124	1.730660523288696	-7.370107684432474	8.350512343158266	-10.42282674562055	-1.515738254602115	-20.488128836529736	4.739471977891942	8.487884016473398	-3.453141779751657	5.540367403441662
-3.5746599179948486	8.176146619072354	3.4446595423445507	-6.8579810240058166	9.524663044076007	-7.920810136413924	-6.50346353581605	7.9871914493596545	-28.99038263985115	-9.205612348073107	24.65960813942936	9.145955746140121	-11.20306057556712	-10.308616280634636	1.3856500718492586	-0.19986789595022053	-4.59614968089234	1.9644387440527937	-3.029373667858961	6.862871255484241
12.295875434959742	-21.505768849770863	-4.992710888456551	0.8159037339975888	-4.465666573211194	-18.763595929553617	-27.920884348140177	-2.5356496423771633	-17.668648721516753	-32.26230025916542	6.168737900598501	-0.48245047714912476	8.736283707569429	23.617026392812722	6.14997853027239	-12.485982002368388	12.652815474285497	15.739988427076517	0.9532615145113407	11.106082454870654
19.372951342088417	12.034334840040785	4.320314423822044	-18.424111070056814	-0.03512688021149754	-8.111532755055663	-2.2835735515694746	16.19186365565056	6.140842899403697	9.328368325903627	-2.154537088830714	-12.998933132642359	11.598618717660331	1.275527024334915	4.764901350514969	-9.657395697449699	-0.7161873465610704	-6.062033776927304	-3.6463049861560033	15.265669036562437
-28.037118533054105	57.242542470856336	24.965734985995297	34.14657412850898	3.1283362672200115	5.300660579423888	9.770086083050574	7.2743183925739965	17.88562470832047	-15.189144094971098	-1.5823429818627586	0.4982096683396591	16.2515789556576	-9.42375806584643	4.892446054397209	7.1904065453212445	-8.388727936955013	0.8459886660334395	4.37115228115809	1.995277046068831
-8.33141657253203	-10.23226275025376	-5.795558046342448	-11.993493769508053	1.5956637883401523	1.568923642825762	2.271493862416854	4.307875586846533	-2.479902388337274	5.5401120132457615	-17.37222388391899	-0.1549285642573286	2.9366417138198218	-12.956740612009346	-0.741261096187734	2.998764236748077	-3.3200740996718148	-2.6281776726800974	3.879145405803636	2.384336096112352
